epoch,dice_metric,loss,val_dice_metric,val_loss
0,0.20199079811573029,0.7711195945739746,0.0845596119761467,0.9064401984214783
1,0.2535333037376404,0.7165493965148926,0.07910868525505066,0.9166540503501892
2,0.2822604477405548,0.6878582239151001,0.07917948812246323,0.9207554459571838
3,0.31564295291900635,0.6551254987716675,0.07627855986356735,0.9278497099876404
4,0.3529048264026642,0.6195464134216309,0.0731523334980011,0.9344054460525513
5,0.3965441584587097,0.5790053606033325,0.18472807109355927,0.8286759257316589
6,0.4578153192996979,0.525322437286377,0.2542792856693268,0.774878740310669
7,0.5069810152053833,0.4830273687839508,0.38025298714637756,0.6121575236320496
8,0.5646428465843201,0.4340061545372009,0.44489774107933044,0.5564323663711548
9,0.6093594431877136,0.3973170518875122,0.5204442143440247,0.505473792552948
10,0.6428644061088562,0.3717465102672577,0.5850822329521179,0.4677831828594208
11,0.6741943955421448,0.3458780348300934,0.553318202495575,0.4460626542568207
12,0.7090927958488464,0.3170407712459564,0.5924879908561707,0.40753844380378723
13,0.7326696515083313,0.29791638255119324,0.6439390182495117,0.37182116508483887
14,0.7612740993499756,0.2726357579231262,0.6736182570457458,0.3510858118534088
15,0.7666777968406677,0.27103808522224426,0.6111590266227722,0.39187660813331604
16,0.7909722924232483,0.24779585003852844,0.6184404492378235,0.38189637660980225
17,0.8001335263252258,0.24159342050552368,0.7054591774940491,0.3157130181789398
18,0.8101232647895813,0.2321583330631256,0.4528169333934784,0.522034227848053
19,0.809877336025238,0.23476067185401917,0.6708365678787231,0.3427034616470337
20,0.8271678686141968,0.21730008721351624,0.6194948554039001,0.38197222352027893
21,0.8279903531074524,0.2169143706560135,0.45957523584365845,0.5159002542495728
22,0.8379533290863037,0.20760691165924072,0.6689600348472595,0.33563360571861267
23,0.8429079651832581,0.2035149186849594,0.6880518794059753,0.3216139078140259
24,0.8448519110679626,0.20187164843082428,0.7524012327194214,0.2882666289806366
25,0.8559854030609131,0.19027438759803772,0.7017670273780823,0.310027152299881
26,0.8616049885749817,0.18455098569393158,0.7910669445991516,0.28143757581710815
27,0.8663671016693115,0.17962387204170227,0.7775802612304688,0.27003633975982666
28,0.8700085282325745,0.17681995034217834,0.7962408065795898,0.2643026113510132
29,0.8758861422538757,0.17057392001152039,0.7687167525291443,0.2747902572154999
30,0.8809097409248352,0.1646951138973236,0.7977977991104126,0.26090356707572937
31,0.8784634470939636,0.16823504865169525,0.7418248653411865,0.283318430185318
32,0.8818660974502563,0.1644858568906784,0.8014221787452698,0.27618539333343506
33,0.8713694214820862,0.1755991131067276,0.7170507311820984,0.3000873923301697
34,0.8848069906234741,0.1610373705625534,0.7327582240104675,0.2845011055469513
35,0.8895683288574219,0.157199427485466,0.7697528600692749,0.34900107979774475
36,0.8905990123748779,0.1552143096923828,0.8008240461349487,0.26750317215919495
37,0.8948133587837219,0.15083731710910797,0.7925258874893188,0.2699516713619232
38,0.8963102102279663,0.14934787154197693,0.7832388877868652,0.2571035325527191
39,0.8951106071472168,0.15058928728103638,0.6704203486442566,0.3369169235229492
40,0.9034846425056458,0.14140765368938446,0.7799516320228577,0.26933321356773376
41,0.9040107727050781,0.14040470123291016,0.7938562631607056,0.2722724378108978
42,0.9072695970535278,0.13702897727489471,0.7808412313461304,0.2749651074409485
43,0.9089691042900085,0.13470584154129028,0.7661543488502502,0.2831757068634033
44,0.9078412652015686,0.1360771209001541,0.7945205569267273,0.26922208070755005
45,0.9092268347740173,0.13417039811611176,0.7686169147491455,0.27440744638442993
46,0.9083815217018127,0.13456682860851288,0.7509377598762512,0.28888851404190063
47,0.9127362966537476,0.13056211173534393,0.764106810092926,0.28360044956207275
48,0.9127085208892822,0.13037484884262085,0.7793159484863281,0.2771065831184387
49,0.9130180478096008,0.13028378784656525,0.7878861427307129,0.28460830450057983
50,0.9155647158622742,0.1266220510005951,0.7775307297706604,0.29225054383277893
51,0.9170045256614685,0.12540382146835327,0.7886397838592529,0.2856076955795288
52,0.9134658575057983,0.12969917058944702,0.7864968776702881,0.2767249047756195
