epoch,loss,output_1_dice_metric,output_1_loss,output_2_dice_metric,output_2_loss,output_3_dice_metric,output_3_loss,output_4_dice_metric,output_4_loss,val_loss,val_output_1_dice_metric,val_output_1_loss,val_output_2_dice_metric,val_output_2_loss,val_output_3_dice_metric,val_output_3_loss,val_output_4_dice_metric,val_output_4_loss
0,0.4671136438846588,0.153451070189476,0.4889353811740875,0.14771637320518494,0.44777268171310425,0.14341527223587036,0.48222586512565613,0.16238780319690704,0.44952070713043213,0.4798033833503723,0.08434610068798065,0.47908592224121094,0.08441021293401718,0.47948527336120605,0.08464641124010086,0.48118218779563904,0.08440355956554413,0.4794601798057556
1,0.4201311767101288,0.1798246204853058,0.4481293857097626,0.24834682047367096,0.38919344544410706,0.17876364290714264,0.4382147192955017,0.22179175913333893,0.40498751401901245,0.47734007239341736,0.08392955362796783,0.47692063450813293,0.08376768231391907,0.4762432277202606,0.08444950729608536,0.4797479510307312,0.0837935134768486,0.4764483869075775
2,0.3950478732585907,0.19407129287719727,0.43100279569625854,0.3142589330673218,0.3535400331020355,0.20159578323364258,0.42033153772354126,0.27234044671058655,0.3753173053264618,0.47474205493927,0.08331423997879028,0.4748530387878418,0.08231120556592941,0.47320684790611267,0.08406081795692444,0.4773625135421753,0.08253645151853561,0.4735458493232727
3,0.37364840507507324,0.2085866928100586,0.41737064719200134,0.37575584650039673,0.32090407609939575,0.22058920562267303,0.4061306416988373,0.31722912192344666,0.35018816590309143,0.4747156500816345,0.08244048804044724,0.4733799695968628,0.07900376617908478,0.4756685793399811,0.08331597596406937,0.4746341109275818,0.07921365648508072,0.47517991065979004
4,0.35569727420806885,0.2242749184370041,0.40630337595939636,0.43196114897727966,0.2930123209953308,0.2376282811164856,0.39550840854644775,0.3603597581386566,0.32796475291252136,0.47830379009246826,0.08120978623628616,0.47316381335258484,0.07545265555381775,0.48277270793914795,0.0820615142583847,0.47312963008880615,0.07383563369512558,0.4841490387916565
5,0.3308641016483307,0.2531123161315918,0.38795316219329834,0.5027517676353455,0.2565585970878601,0.26133105158805847,0.3809758126735687,0.4180769622325897,0.29796892404556274,0.48667362332344055,0.07951293885707855,0.47553303837776184,0.06581331044435501,0.49859797954559326,0.08062781393527985,0.47360122203826904,0.06500507146120071,0.49896231293678284
6,0.3102867603302002,0.28340888023376465,0.3709564208984375,0.5546578764915466,0.23165245354175568,0.2821928858757019,0.3690713942050934,0.47439634799957275,0.2694665193557739,0.4952501654624939,0.08250246942043304,0.47722166776657104,0.05596164986491203,0.5146989226341248,0.07860434055328369,0.4761425256729126,0.055946484208106995,0.5129374861717224
7,0.2882521152496338,0.32257601618766785,0.3501051366329193,0.6047493815422058,0.20705020427703857,0.308546245098114,0.354925274848938,0.5319749712944031,0.24092784523963928,0.5024954080581665,0.09266649931669235,0.47420623898506165,0.045235928148031235,0.5303452610969543,0.0757475346326828,0.48004335165023804,0.04754422605037689,0.5253869295120239
8,0.27065303921699524,0.35541456937789917,0.33227184414863586,0.6385414004325867,0.1902649849653244,0.3320002853870392,0.34210285544395447,0.5772604942321777,0.21797236800193787,0.4920964241027832,0.15720434486865997,0.4344037175178528,0.056941524147987366,0.522273600101471,0.07232286036014557,0.48421958088874817,0.04711418226361275,0.5274887681007385
9,0.2589398920536041,0.37868449091911316,0.3205920159816742,0.6571687459945679,0.1811036318540573,0.350030779838562,0.33256852626800537,0.6090584397315979,0.20149528980255127,0.4708214998245239,0.2240985780954361,0.39570820331573486,0.11714707314968109,0.48707592487335205,0.0899864211678505,0.474957138299942,0.052718937397003174,0.5255448222160339
10,0.2471916228532791,0.40373900532722473,0.3070881962776184,0.6771283745765686,0.17097331583499908,0.36920005083084106,0.3225747346878052,0.6357327103614807,0.18813025951385498,0.4144577980041504,0.2869446277618408,0.3614187240600586,0.27267855405807495,0.39861971139907837,0.1599261462688446,0.4332614541053772,0.15683366358280182,0.4645313024520874
11,0.23809710144996643,0.42597275972366333,0.2959113121032715,0.6870514154434204,0.16638308763504028,0.38769766688346863,0.31326189637184143,0.6585720777511597,0.17683200538158417,0.30033794045448303,0.34234198927879333,0.3332112431526184,0.5478836297988892,0.23941418528556824,0.2938573956489563,0.3579098582267761,0.48427271842956543,0.27081647515296936
12,0.22517265379428864,0.4540283679962158,0.2808559536933899,0.7100260853767395,0.15414099395275116,0.41050389409065247,0.30119606852531433,0.6829010844230652,0.1644974946975708,0.26743534207344055,0.36545711755752563,0.3243301510810852,0.6445046067237854,0.18528015911579132,0.33690693974494934,0.33629322052001953,0.5676636695861816,0.22383783757686615
13,0.22005850076675415,0.46920689940452576,0.2741202116012573,0.7083415389060974,0.15668313205242157,0.427066832780838,0.2933780550956726,0.7000841498374939,0.1560526341199875,0.2592659294605255,0.385170578956604,0.31589943170547485,0.6560304164886475,0.17849302291870117,0.3598984181880951,0.3260788321495056,0.583107590675354,0.2165924608707428
14,0.21234090626239777,0.488542377948761,0.26467934250831604,0.7152305841445923,0.15382874011993408,0.44662976264953613,0.28341445326805115,0.7173305749893188,0.147441104054451,0.2503129243850708,0.40617895126342773,0.30554139614105225,0.6740022301673889,0.16965924203395844,0.3745611906051636,0.31917086243629456,0.6041815280914307,0.20688024163246155
15,0.20235681533813477,0.5131429433822632,0.2516545057296753,0.7280049324035645,0.14667849242687225,0.4679449796676636,0.2725565731525421,0.7350133657455444,0.13853773474693298,0.2462291270494461,0.41459619998931885,0.30510851740837097,0.670810878276825,0.17263488471508026,0.39508435130119324,0.309671014547348,0.6216857433319092,0.19750209152698517
16,0.19381149113178253,0.5330585837364197,0.24164585769176483,0.7381359338760376,0.14171651005744934,0.490095853805542,0.2612137496471405,0.7507337927818298,0.13066986203193665,0.23553591966629028,0.42538124322891235,0.29991430044174194,0.6924283504486084,0.16091080009937286,0.4146372377872467,0.2987712621688843,0.6525375843048096,0.18254736065864563
17,0.18693874776363373,0.5508232116699219,0.2328975796699524,0.7445942759513855,0.13849474489688873,0.510301411151886,0.2512393593788147,0.7623778581619263,0.12512314319610596,0.22568103671073914,0.46034854650497437,0.28011325001716614,0.7001404762268066,0.15730047225952148,0.43214794993400574,0.2894306480884552,0.66530442237854,0.17587974667549133
18,0.18092890083789825,0.5689887404441833,0.22401155531406403,0.7462727427482605,0.13839630782604218,0.528965175151825,0.24209116399288177,0.7741603851318359,0.11921670287847519,0.22373339533805847,0.46224507689476013,0.2813737392425537,0.7064832448959351,0.15426814556121826,0.4464098811149597,0.2831588089466095,0.6664460897445679,0.1761329472064972
19,0.17432087659835815,0.5842835903167725,0.216634139418602,0.7512310147285461,0.13608403503894806,0.5494617819786072,0.23152503371238708,0.7862058877944946,0.11304023861885071,0.22912688553333282,0.4724099040031433,0.27736857533454895,0.6855864524841309,0.16654950380325317,0.45094162225723267,0.28474804759025574,0.6494191288948059,0.18784140050411224
20,0.1685691773891449,0.600533127784729,0.20876021683216095,0.7551935315132141,0.1341872215270996,0.5677301287651062,0.2227110117673874,0.7952623963356018,0.10861821472644806,0.21652060747146606,0.49362361431121826,0.2662103772163391,0.7030218839645386,0.15686507523059845,0.4758501350879669,0.2701239585876465,0.676923930644989,0.17288300395011902
21,0.16115213930606842,0.6190872192382812,0.1989496350288391,0.7660127282142639,0.12777405977249146,0.5878140926361084,0.21263866126537323,0.8026201128959656,0.10524614155292511,0.21418936550617218,0.4914756417274475,0.2684704661369324,0.6855225563049316,0.1674668788909912,0.4988010823726654,0.2593782842159271,0.6995861530303955,0.1614418625831604
22,0.15695293247699738,0.6266883611679077,0.19623048603534698,0.7646623253822327,0.12927810847759247,0.6072260141372681,0.20262651145458221,0.8130533695220947,0.0996767058968544,0.2072160691022873,0.5149943828582764,0.25498679280281067,0.7005693912506104,0.15931330621242523,0.508935272693634,0.2548115849494934,0.7029247879981995,0.15975259244441986
23,0.14609886705875397,0.6551991105079651,0.18035563826560974,0.7843497395515442,0.11769682168960571,0.6287986636161804,0.1917026937007904,0.8231039643287659,0.09464023262262344,0.20758295059204102,0.5223620533943176,0.25298959016799927,0.6930496096611023,0.1640508472919464,0.52555912733078,0.24608108401298523,0.6913986802101135,0.16721031069755554
24,0.1487315446138382,0.6520588397979736,0.18397775292396545,0.7687497735023499,0.12775057554244995,0.6371470093727112,0.18836909532546997,0.8235484957695007,0.09482886642217636,0.19127051532268524,0.5603909492492676,0.23041127622127533,0.7301536202430725,0.14290057122707367,0.5487168431282043,0.23271918296813965,0.7067556381225586,0.15905098617076874
25,0.13869063556194305,0.6780235767364502,0.16934901475906372,0.7861297726631165,0.11731532216072083,0.6581061482429504,0.17743095755577087,0.831672191619873,0.09066712111234665,0.19952747225761414,0.5346774458885193,0.24766454100608826,0.7120411992073059,0.15365643799304962,0.5523717999458313,0.23357601463794708,0.7010948657989502,0.16321289539337158
26,0.14153103530406952,0.6657416820526123,0.178185373544693,0.7714790105819702,0.1269611120223999,0.6676287055015564,0.1729857623577118,0.8367734551429749,0.08799188584089279,0.19015973806381226,0.5732874274253845,0.22463376820087433,0.7287729978561401,0.14383064210414886,0.5540671944618225,0.23309867084026337,0.7084334492683411,0.15907584130764008
27,0.13443893194198608,0.6812880039215088,0.17006254196166992,0.7806961536407471,0.1215471476316452,0.6861332654953003,0.16332197189331055,0.8463337421417236,0.08282409608364105,0.18327023088932037,0.568098247051239,0.22898928821086884,0.7351364493370056,0.1407027393579483,0.5915212035179138,0.21162690222263336,0.7209345102310181,0.15176202356815338
28,0.13621246814727783,0.6742556095123291,0.17497941851615906,0.7731483578681946,0.1261565238237381,0.6929101347923279,0.16037218272686005,0.8459694385528564,0.08334182947874069,0.17326374351978302,0.6086578965187073,0.20506004989147186,0.7457647323608398,0.13563498854637146,0.6005375981330872,0.20763683319091797,0.7369226217269897,0.14472311735153198
29,0.13051290810108185,0.6899234056472778,0.1661957949399948,0.7812873721122742,0.12139306217432022,0.7064461708068848,0.15358524024486542,0.8509185314178467,0.08087754994630814,0.17983704805374146,0.591931164264679,0.21576838195323944,0.725872814655304,0.1464473158121109,0.6109670400619507,0.2036532759666443,0.7234090566635132,0.1534791886806488
30,0.12560167908668518,0.700649082660675,0.16058950126171112,0.7876282334327698,0.11797628551721573,0.7202633023262024,0.14659659564495087,0.8577964901924133,0.07724439352750778,0.17679046094417572,0.5921115875244141,0.2158428430557251,0.715764582157135,0.1522400677204132,0.6208801865577698,0.1983613818883896,0.7439841628074646,0.14071758091449738
31,0.12287772446870804,0.708191454410553,0.15672418475151062,0.7910519242286682,0.11602474004030228,0.7291849255561829,0.14228808879852295,0.8596827983856201,0.07647387683391571,0.17714302241802216,0.6076305508613586,0.2070155143737793,0.7300834059715271,0.14388704299926758,0.6259215474128723,0.19707633554935455,0.7116807103157043,0.16059322655200958
32,0.11700715869665146,0.7205966711044312,0.15005452930927277,0.8010321855545044,0.11040773242712021,0.7437177300453186,0.13467183709144592,0.8663352727890015,0.07289452850818634,0.16380777955055237,0.6332530975341797,0.1927925944328308,0.7529838681221008,0.13203637301921844,0.6359893679618835,0.19049187004566193,0.7463142275810242,0.1399102509021759
33,0.11999440938234329,0.7122972011566162,0.15574391186237335,0.7880061864852905,0.11846879124641418,0.7471987009048462,0.1333344578742981,0.8673384189605713,0.07243052870035172,0.16054785251617432,0.6290138363838196,0.19552120566368103,0.7558575868606567,0.1302003264427185,0.6583338379859924,0.17911601066589355,0.7530664801597595,0.13735389709472656
34,0.11388702690601349,0.7292087078094482,0.14596392214298248,0.8004117012023926,0.11103995144367218,0.7581274509429932,0.12786097824573517,0.871046245098114,0.07068325579166412,0.17292621731758118,0.6129093766212463,0.20602990686893463,0.7301070094108582,0.14451652765274048,0.6402202248573303,0.19136828184127808,0.7327048182487488,0.14979016780853271
35,0.1167544350028038,0.7204372882843018,0.15200558304786682,0.790172278881073,0.1175014078617096,0.760954737663269,0.12686166167259216,0.8712465763092041,0.07064905762672424,0.16867700219154358,0.6304858326911926,0.19599522650241852,0.7289057374000549,0.14526186883449554,0.6534096002578735,0.18429991602897644,0.7344216108322144,0.14915098249912262
36,0.11591129004955292,0.7204945087432861,0.15292271971702576,0.7916850447654724,0.11707087606191635,0.7681121230125427,0.12321263551712036,0.8719293475151062,0.0704389438033104,0.1686558872461319,0.631819486618042,0.19519880414009094,0.7264580726623535,0.14667238295078278,0.6593809127807617,0.18162505328655243,0.7328412532806396,0.15112726390361786
37,0.10948116332292557,0.7308257818222046,0.14669077098369598,0.8019055724143982,0.11066041141748428,0.7827942371368408,0.1150488555431366,0.8806464672088623,0.06552448123693466,0.1653691977262497,0.6281838417053223,0.19783392548561096,0.7455106973648071,0.13615746796131134,0.6716912388801575,0.17445681989192963,0.7283321619033813,0.15302854776382446
38,0.1085454672574997,0.7363371253013611,0.14389897882938385,0.802743673324585,0.11032035201787949,0.7865268588066101,0.11361773312091827,0.8797999620437622,0.06634481996297836,0.16015967726707458,0.6348994374275208,0.1941988617181778,0.7431669235229492,0.13737553358078003,0.6809641718864441,0.16884611546993256,0.750569224357605,0.14021822810173035
39,0.10408268123865128,0.7495580315589905,0.13598495721817017,0.8100854754447937,0.10619951039552689,0.7936186790466309,0.11013079434633255,0.8840848803520203,0.0640154778957367,0.1557452231645584,0.6347631812095642,0.19439363479614258,0.7571001052856445,0.1298268884420395,0.6920745372772217,0.16326989233493805,0.7585493922233582,0.13549047708511353
40,0.1067083552479744,0.739043653011322,0.14308719336986542,0.8031638860702515,0.11048378795385361,0.7959216237068176,0.10919710993766785,0.8840867877006531,0.0640653744339943,0.15274137258529663,0.6559849381446838,0.18165217339992523,0.7575758099555969,0.12992028892040253,0.6952493190765381,0.16216877102851868,0.7563469409942627,0.1372242569923401
41,0.10277360677719116,0.751857578754425,0.13536174595355988,0.8115918040275574,0.10540459305047989,0.8014358282089233,0.10654325783252716,0.885072648525238,0.0637848973274231,0.15157382190227509,0.6448121070861816,0.18888205289840698,0.7615655064582825,0.12766291201114655,0.7103177309036255,0.15374214947223663,0.7590049505233765,0.13600820302963257
42,0.1034696102142334,0.743441641330719,0.14116384088993073,0.8062484264373779,0.10885178297758102,0.8077499270439148,0.10311100631952286,0.8901208639144897,0.0607517808675766,0.1541081815958023,0.6396785378456116,0.19276928901672363,0.7478215098381042,0.13505780696868896,0.7126142382621765,0.15238773822784424,0.7581461668014526,0.1362178772687912
43,0.10458574444055557,0.7442264556884766,0.14097827672958374,0.8040421009063721,0.11029957979917526,0.8061988353729248,0.10451177507638931,0.8874027132987976,0.06255339086055756,0.15572859346866608,0.6574510335922241,0.1821439266204834,0.740304708480835,0.13909633457660675,0.7098999619483948,0.15537719428539276,0.7423815131187439,0.1462969034910202
44,0.10310233384370804,0.7485002875328064,0.1385505497455597,0.8052626848220825,0.10949041694402695,0.810057520866394,0.10252389311790466,0.8887007236480713,0.06184450164437294,0.16781285405158997,0.6513369083404541,0.18623030185699463,0.7368046641349792,0.1411905437707901,0.6717966198921204,0.17850056290626526,0.7129451036453247,0.16533002257347107
45,0.09785399585962296,0.7575235962867737,0.13280972838401794,0.8153558373451233,0.10326757282018661,0.8216232061386108,0.09603393822908401,0.8935062885284424,0.059304628521203995,0.16265363991260529,0.6275550723075867,0.2003796398639679,0.7331522703170776,0.14397598803043365,0.6988670825958252,0.16273067891597748,0.7469742298126221,0.14352822303771973
46,0.09889624267816544,0.7550419569015503,0.135173037648201,0.8113272190093994,0.10621002316474915,0.8220521807670593,0.09626622498035431,0.8957412242889404,0.05793561786413193,0.14855599403381348,0.6517869830131531,0.1859697848558426,0.7626240849494934,0.12690649926662445,0.7272003293037415,0.14633798599243164,0.7612606883049011,0.13500970602035522
47,0.10035493969917297,0.7472751140594482,0.1405719518661499,0.806735634803772,0.10910588502883911,0.8255624175071716,0.09433895349502563,0.8968072533607483,0.057402919977903366,0.15007583796977997,0.6646003723144531,0.17875686287879944,0.7588408589363098,0.12904919683933258,0.7205346822738647,0.15040601789951324,0.7489147782325745,0.1420912742614746
48,0.09478156268596649,0.7606546878814697,0.13225498795509338,0.8171029686927795,0.10277208685874939,0.834593653678894,0.08929522335529327,0.9014701247215271,0.05480396747589111,0.14939098060131073,0.6570343971252441,0.18294212222099304,0.7617269158363342,0.12734755873680115,0.7196200489997864,0.15076732635498047,0.7579424381256104,0.13650690019130707
49,0.09647087752819061,0.7592601180076599,0.13310182094573975,0.8142947554588318,0.10454476624727249,0.8313109874725342,0.09169124811887741,0.8987626433372498,0.056545745581388474,0.14603371918201447,0.6722371578216553,0.17466320097446442,0.753876268863678,0.13177353143692017,0.7366333603858948,0.1418916881084442,0.7611635327339172,0.13580648601055145
50,0.09586542099714279,0.7589176893234253,0.13379338383674622,0.8133978247642517,0.10532855987548828,0.8360778093338013,0.08912423998117447,0.9011194705963135,0.055215492844581604,0.1413327157497406,0.6601775288581848,0.18214987218379974,0.7669641375541687,0.12478411197662354,0.7548507452011108,0.13205282390117645,0.7786737680435181,0.1263440102338791
51,0.09387186169624329,0.7614595293998718,0.13251124322414398,0.8154634833335876,0.1040399968624115,0.8417571783065796,0.08594406396150589,0.9049022793769836,0.05299213528633118,0.14447614550590515,0.6650047302246094,0.17927531898021698,0.7562035918235779,0.130450040102005,0.7462745308876038,0.13695205748081207,0.7698691487312317,0.13122722506523132
52,0.09148646146059036,0.7650241255760193,0.13030511140823364,0.8204818964004517,0.10078463703393936,0.847269594669342,0.08294037729501724,0.9072014093399048,0.05191563442349434,0.14934095740318298,0.6591048836708069,0.18280397355556488,0.7567604780197144,0.1306275725364685,0.7368231415748596,0.14260441064834595,0.7526502013206482,0.1413278430700302
53,0.09417415410280228,0.7620299458503723,0.13258937001228333,0.8153632283210754,0.10446346551179886,0.8429072499275208,0.08582773804664612,0.9038358330726624,0.05381603166460991,0.13971416652202606,0.6712794899940491,0.17555838823318481,0.7688754796981812,0.12396812438964844,0.7553091645240784,0.1325511336326599,0.7789196968078613,0.12677903473377228
54,0.09459750354290009,0.7583763599395752,0.13528390228748322,0.815284788608551,0.10447010397911072,0.8452315330505371,0.08468301594257355,0.9038742184638977,0.05395294725894928,0.14402708411216736,0.6607881188392639,0.1820189207792282,0.7650680541992188,0.12590931355953217,0.7482106685638428,0.13704565167427063,0.7711547613143921,0.13113448023796082
55,0.09688197821378708,0.7488409280776978,0.1407754272222519,0.8069213628768921,0.10913775116205215,0.8459723591804504,0.08443009108304977,0.9051486253738403,0.05318464711308479,0.14218926429748535,0.6738004684448242,0.17423506081104279,0.7567243576049805,0.13035257160663605,0.7533277273178101,0.13407914340496063,0.7749829292297363,0.13009032607078552
56,0.09436018764972687,0.7554977536201477,0.13692107796669006,0.8133248090744019,0.10577938705682755,0.8493696451187134,0.08265399932861328,0.9071202874183655,0.052086371928453445,0.14614279568195343,0.681147575378418,0.16994145512580872,0.7473617792129517,0.13582967221736908,0.7386952638626099,0.14242413640022278,0.7629271149635315,0.13637591898441315
57,0.08823482692241669,0.7769766449928284,0.12360993027687073,0.8228504657745361,0.09971616417169571,0.8550546765327454,0.07943941652774811,0.910625159740448,0.05017375573515892,0.1521110236644745,0.6498304605484009,0.18858326971530914,0.7390379905700684,0.1409492939710617,0.7407328486442566,0.14215219020843506,0.7624098658561707,0.13675937056541443
58,0.0872207060456276,0.7775769829750061,0.1235814318060875,0.8284541964530945,0.09665287286043167,0.8574546575546265,0.07829200476408005,0.9105568528175354,0.05035649240016937,0.13966023921966553,0.6797364950180054,0.17073924839496613,0.7755021452903748,0.120278500020504,0.7521505355834961,0.1354968547821045,0.7700428366661072,0.1321263462305069
59,0.08915455639362335,0.7724661827087402,0.12705430388450623,0.8222821950912476,0.10048261284828186,0.8572368025779724,0.07851254194974899,0.9101400971412659,0.05056874826550484,0.13729506731033325,0.6823222637176514,0.169876828789711,0.7720476388931274,0.12220355123281479,0.7624986171722412,0.12985394895076752,0.7775226831436157,0.1272459775209427
60,0.09275177866220474,0.759992778301239,0.13493743538856506,0.8130651116371155,0.1060740053653717,0.8559359908103943,0.07945521175861359,0.910125732421875,0.05054045841097832,0.14038598537445068,0.692952036857605,0.16365499794483185,0.7700526714324951,0.12319250404834747,0.7550790309906006,0.13398946821689606,0.7561063170433044,0.14070692658424377
61,0.08286108821630478,0.7882969379425049,0.11677472293376923,0.8340508937835693,0.09276407957077026,0.8654851317405701,0.07393233478069305,0.9148886799812317,0.047973185777664185,0.1454678177833557,0.6675878167152405,0.17843404412269592,0.754493772983551,0.13195836544036865,0.7553747296333313,0.13386116921901703,0.7611368298530579,0.13761769235134125
62,0.09093669801950455,0.7584885954856873,0.13639843463897705,0.8170118927955627,0.10398108512163162,0.8629979491233826,0.07539255917072296,0.9146097302436829,0.04797465726733208,0.13598936796188354,0.6893223524093628,0.16568683087825775,0.7759355306625366,0.12042203545570374,0.7660708427429199,0.12826403975486755,0.7759032845497131,0.12958456575870514
63,0.08917269110679626,0.7658568620681763,0.13139376044273376,0.8186664581298828,0.1024305522441864,0.8637951016426086,0.07497473061084747,0.9149244427680969,0.04789167270064354,0.1459806263446808,0.6828468441963196,0.16938291490077972,0.7581804394721985,0.1295175403356552,0.7482540011405945,0.1385253518819809,0.7472645044326782,0.1464966982603073
64,0.08386106789112091,0.7787535190582275,0.12340528517961502,0.829393208026886,0.09625532478094101,0.8713473677635193,0.07063537836074829,0.9195922613143921,0.04514828696846962,0.14584803581237793,0.6841978430747986,0.16871364414691925,0.747421383857727,0.13566911220550537,0.7544966340065002,0.13476504385471344,0.7508556246757507,0.14424437284469604
65,0.089849092066288,0.763611912727356,0.13325917720794678,0.8159520030021667,0.1044989749789238,0.8648149371147156,0.07455799728631973,0.9163166284561157,0.04708021506667137,0.1386796236038208,0.6907978653907776,0.16504910588264465,0.7687121033668518,0.1238761842250824,0.7625250220298767,0.1306324303150177,0.7663145065307617,0.13516078889369965
66,0.08369526267051697,0.7778292298316956,0.12410728633403778,0.830376148223877,0.09558373689651489,0.8719427585601807,0.07041172683238983,0.9204341769218445,0.044678281992673874,0.147303968667984,0.687386691570282,0.1669098436832428,0.7508180737495422,0.13385820388793945,0.7429274320602417,0.14213430881500244,0.7479314208030701,0.14631351828575134
67,0.08543223142623901,0.7743359208106995,0.1267475187778473,0.8254847526550293,0.09870420396327972,0.8709923624992371,0.07108724862337112,0.9197679162025452,0.0451899990439415,0.14382250607013702,0.6852805614471436,0.1680917888879776,0.7620416283607483,0.12758249044418335,0.7490725517272949,0.13843758404254913,0.756847083568573,0.1411782056093216
68,0.0860409289598465,0.7664153575897217,0.1315627247095108,0.8243803977966309,0.09930969029664993,0.8741914629936218,0.06911428272724152,0.9213772416114807,0.04417705535888672,0.14341790974140167,0.6865989565849304,0.16739200055599213,0.7518467307090759,0.13347744941711426,0.7567414045333862,0.13401198387145996,0.7606329321861267,0.13879020512104034
69,0.08625859022140503,0.7681674957275391,0.13018231093883514,0.8241549730300903,0.09943410009145737,0.8718926310539246,0.07052566856145859,0.9201257824897766,0.04489221051335335,0.13839541375637054,0.6856170296669006,0.1679781973361969,0.7676967978477478,0.12446968257427216,0.7668295502662659,0.12848733365535736,0.7709780931472778,0.13264645636081696
70,0.08741280436515808,0.7652214765548706,0.13227930665016174,0.8207410573959351,0.10175986588001251,0.8722383975982666,0.0704522654414177,0.9197577834129333,0.04515976831316948,0.13465185463428497,0.6996708512306213,0.15987883508205414,0.7746642231941223,0.12100186198949814,0.7682704925537109,0.1282736361026764,0.7764614820480347,0.12945307791233063
71,0.08136990666389465,0.7828917503356934,0.12071225792169571,0.8339240550994873,0.09323510527610779,0.876854419708252,0.06774834543466568,0.9223888516426086,0.043783899396657944,0.14185132086277008,0.6890352964401245,0.16607898473739624,0.7625862956047058,0.1274116039276123,0.7563451528549194,0.13446226716041565,0.7600029110908508,0.13945241272449493
72,0.08587220311164856,0.7663293480873108,0.13232295215129852,0.8244640827178955,0.09969030320644379,0.8763647675514221,0.06805463135242462,0.9227936267852783,0.04342091083526611,0.1389835923910141,0.6892609000205994,0.16584372520446777,0.7650192975997925,0.12604567408561707,0.7658084034919739,0.12906141579151154,0.7667151689529419,0.13498352468013763
73,0.08682940155267715,0.7657959461212158,0.1318885236978531,0.8235512375831604,0.10001127421855927,0.8722942471504211,0.07057586312294006,0.9204843044281006,0.04484200105071068,0.13558447360992432,0.7019838690757751,0.15835365653038025,0.7733914256095886,0.12166682630777359,0.7680138945579529,0.12855957448482513,0.770065188407898,0.1337578296661377
